userId,Gender,Age,Occupation,Zip-code,user_avg_rating,user_rating_stddev,user_rating_count,fav_movie_1,fav_movie_2,fav_movie_3
296,M,50,5,89432,4.166666666666667,1.3155870289605436,27,4144,65261,1201
467,F,35,3,55075,3.409090909090909,1.4362348564112215,22,58,1183,527
125,M,45,14,01701,3.859722222222222,0.8024439900485046,360,171763,174053,60950
451,M,56,13,54720,3.7941176470588234,0.9464258687999234,34,593,805,708
7,M,35,1,06810,3.2302631578947367,1.3295938469468669,152,5618,2019,1240
51,F,1,10,10562,3.7757660167130918,1.241394022171547,359,60487,51662,56367
124,M,56,7,91356,3.99,0.8359889658484784,50,2858,6377,356
447,F,45,11,55105,3.871794871794872,0.7954248127262767,78,531,383,362
591,M,25,0,76201,3.2777777777777777,1.1560614116133208,54,368,3114,2683
307,M,50,16,90027,2.6656410256410257,1.0967091779056273,975,69122,68954,59315
475,F,25,2,55421,4.409677419354839,0.49827940234219287,155,2617,1356,2011
574,M,25,19,90214,3.9565217391304346,0.928256472668725,23,47,593,0
169,M,25,7,55439,4.24907063197026,0.601032282572244,269,8641,8360,2501
205,M,35,12,97333,3.8703703703703702,0.6443928656046445,27,71462,91542,99114
334,F,56,2,55113,3.418831168831169,0.5467395313132074,154,4306,1755,76093
544,M,35,12,94538,4.363636363636363,0.9534625892455925,22,68,0,0
577,M,35,0,02115,3.5652173913043477,0.8571946154145231,161,1231,480,2947
581,M,50,14,73543,4.375,0.477036793721514,40,5816,4896,7361
272,M,18,0,80302,3.629032258064516,0.70672651400057,31,177765,148626,3147
442,M,25,1,55105,1.275,0.6972691091152079,20,362,4361,3752
462,M,18,16,55416,3.4065934065934065,1.1074241054337037,455,187717,1241,168250
470,F,1,10,55068,3.5125,0.6749355337241805,80,527,587,589
15,M,25,7,22903,3.448148148148148,1.133404055934043,135,3156,33493,84152
54,M,50,1,56723,3.0303030303030303,0.3940850546557561,33,356,593,318
232,M,25,20,55408,3.2505800464037122,0.7604286262863359,862,81591,78499,79132
234,M,35,7,39652,3.504950495049505,1.0708601868711078,202,2052,317,594
282,M,25,17,94401,4.033755274261603,0.694194930025053,237,3039,919,6377
383,F,25,7,78757,3.7941176470588234,0.9779202348554562,34,1293,2396,0
448,M,25,17,80123,2.8473712446351933,1.0297056260803321,1864,132333,1228,6016
155,M,35,12,07470,3.608695652173913,0.7142443052179217,46,3615,2628,2879
483,M,18,12,55105,3.618818681318681,0.95997777947829,728,109487,5971,78499
132,M,25,17,99709,3.0389048991354466,0.7710903320482245,347,595,2657,318
154,M,50,20,94530,4.382352941176471,1.2064148209229701,34,71264,98243,1097
317,M,35,7,38555,3.7301587301587302,0.9926273304840598,189,4034,7156,7445
200,F,18,4,84321,3.809880239520958,0.8385913313705264,334,1020,5103,8807
388,F,25,0,10021,3.6206896551724137,1.2222284420402019,29,53121,78637,8360
428,F,18,4,55455,2.64,1.0035388886352858,300,1639,253,1274
495,M,18,10,55421,4.009433962264151,1.146844179619465,265,73290,100383,5110
521,M,56,7,55105,3.6,0.5905234531480936,40,608,25,837
11,F,25,1,04093,3.78125,0.9338221509065896,64,1584,593,0
101,F,18,3,33314,3.557377049180328,1.0571122640466404,61,1719,2395,3174
279,M,25,14,91214,3.647727272727273,0.8269015865060569,176,175303,8376,96079
415,F,35,0,55406,4.085106382978723,0.6584369642363638,94,356,908,1201
422,M,56,17,55104,3.3225806451612905,1.0648667024417395,93,1272,750,0
433,M,50,6,55115,3.772727272727273,0.9847319278346618,22,5299,164179,50
543,M,25,5,55057,4.453947368421052,1.2940315080629408,76,101765,72998,231
595,M,25,7,10019,4.2,0.8335087534664906,20,1912,2396,265
138,M,18,20,22203,3.522727272727273,1.599682057154697,22,3972,59784,2924
323,M,45,12,53716,3.173469387755102,0.7998132540295083,98,562,318,112183
351,M,18,4,55105,3.6666666666666665,0.672592709134549,141,86781,3949,48516
361,F,25,14,94115,3.1804123711340204,0.8785213874338488,97,46972,3916,4963
387,F,35,7,55111,3.2585199610516065,0.8593102941421753,1027,1230,27773,7099
29,M,35,7,33407,4.1419753086419755,0.68572301214318,81,1408,3578,2028
69,F,25,1,02143,4.369565217391305,0.7988518330752766,46,4027,2762,593
309,M,25,4,16801,3.8398058252427183,0.8019999273660477,103,1283,2019,1949
419,M,18,3,55422,3.803225806451613,1.0621846731379545,155,90943,97866,98961
42,M,25,8,24502,3.565909090909091,1.0630345487581225,440,2541,912,260
112,M,25,16,97209,3.5923076923076924,1.4681310070447238,65,91529,109487,3147
424,M,25,17,55112,3.6739130434782608,0.8684497764874952,138,2459,5388,104879
534,M,25,15,55902,3.8048076923076923,0.6763810260690817,520,164367,47200,5574
586,M,35,14,53092,4.365384615384615,0.6206229114496793,208,86298,96861,1200
73,M,18,4,53706,3.711904761904762,1.0126478581748992,210,106072,122892,110102
87,M,25,14,48360,3.9523809523809526,0.7730582433549542,21,1136,4973,5618
434,F,45,3,98155,3.781115879828326,1.035650948619299,233,111,5618,4011
468,F,1,10,55082,3.393939393939394,0.9662878045448577,33,47,39,595
64,M,18,1,53706,3.7688588007736943,0.7446561907533173,517,3608,2420,1203
308,M,25,2,10025,2.4260869565217393,1.4988935660002,115,1246,54001,40815
348,M,50,7,55110,4.672727272727273,0.43267237860231744,55,1208,5952,608
356,M,56,20,55101,4.02076124567474,0.7438998040683217,289,3809,3852,5792
459,F,18,4,55105,4.346153846153846,0.7179029289427753,26,99114,48780,5618
512,M,35,0,55379,3.78,0.9100347604933134,50,151,527,0
3,M,25,15,55117,2.4358974358974357,2.0906417019771424,39,2851,5919,70946
446,F,50,0,55042,3.2142857142857144,0.9192903047306508,84,337,508,17
478,M,50,16,55113,2.8181818181818183,1.0751019281185186,22,33794,350,1073
541,F,18,4,5849574,3.3908045977011496,1.0821632280167528,87,745,720,0
30,F,35,7,19143,4.735294117647059,0.5537105429905546,34,115617,110,60069
113,M,18,12,37032,3.6466666666666665,1.2268619142346673,150,2583,1617,2475
406,M,25,20,55105,3.25,1.3228756555322954,20,33669,56949,5620
432,M,45,16,55306,3.646153846153846,0.8586290451899686,260,91658,912,364
584,F,25,0,94403,4.108433734939759,1.104448302765784,83,60,508,0
34,F,18,0,02135,3.4186046511627906,1.3565970946285353,86,6618,27801,45499
443,M,25,3,55421,4.121621621621622,0.8449638832304986,37,106918,96430,7153
133,F,25,0,55071,3.0,0.6859943405700354,35,471,527,32
287,M,50,13,94706,2.6217105263157894,1.4928047189418594,152,4642,6296,4979
365,F,18,4,02138,2.7509025270758123,1.079808548463185,277,142422,119141,4022
389,M,25,6,68128,4.117647058823529,0.8444006618414981,34,832,0,805
425,M,25,12,55303,3.5326797385620914,0.536146550232148,306,293,778,318
524,M,18,0,91320,3.4580152671755724,1.076029324627089,131,494,1233,1278
59,F,50,1,55413,4.355140186915888,0.9639965596176585,107,2352,2726,3462
162,F,18,4,93117,4.2368421052631575,0.8198289381992818,38,534,280,802
139,F,25,20,45409,2.1443298969072164,0.8945973792243165,194,106489,98809,60684
146,F,35,20,10954,3.140625,0.9856582457522256,32,30803,32,7293
250,M,35,16,11229,4.222222222222222,1.0127393670836666,27,4921,2739,3408
310,F,18,4,31207,3.53125,1.388372920032426,64,2944,1223,1148
352,M,18,4,60115,3.7806122448979593,0.878447843436334,294,4011,3471,590
379,F,35,1,54822,3.388888888888889,0.9936305084394237,36,34,110,356
559,F,25,7,60422,3.2857142857142856,0.8673594616799155,140,1580,1527,780
8,M,25,12,11413,3.574468085106383,0.9723275716382791,47,357,527,50
160,M,35,7,13021,2.708237986270023,1.5463410076823205,437,4381,4021,3858
258,M,25,7,55436,4.2,1.3070322617798433,25,4995,5989,7147
479,M,25,12,55042,3.320441988950276,1.191204723147686,181,5135,0,3070
22,M,18,15,53706,2.5714285714285716,1.5435564731996092,119,49272,7438,1193
28,F,25,1,14607,3.020175438596491,0.7937785129939784,570,72998,53123,7842
184,F,25,0,19001,3.705223880597015,1.0676597388314641,134,122912,178827,166291
203,F,18,4,53715,3.8444444444444446,0.9875487457601905,45,296,54286,8665
570,M,25,4,33314,3.4162303664921465,0.6615758136285562,191,6942,4878,4022
199,M,18,4,83706,3.3953168044077136,1.021214257430198,363,2692,1304,1278
343,F,35,3,55127,4.059322033898305,0.8664470941263118,59,527,7981,6016
423,M,18,4,55455,3.717391304347826,1.3637022381980615,23,589,150,318
539,M,25,2,55103,3.8026315789473686,1.0367534675559718,38,69122,71535,54259
85,M,18,4,94945,3.7058823529411766,1.3602453380472013,34,1237,1140,53
556,F,25,9,37221,4.078125,0.5097338806007091,32,112852,588,76093
597,M,35,12,80206,3.9774266365688487,1.0483495608490168,443,2028,0,2427
16,F,35,0,20670,3.7244897959183674,0.5520460955820451,98,1199,1222,91529
35,M,45,1,02482,4.086956521739131,0.9001536978993627,23,590,60,62
52,M,18,4,72212,4.476923076923077,0.6314175588086336,130,39444,54736,54999
251,M,56,17,55105,4.869565217391305,0.5269421070570498,23,159817,356,1225
488,M,25,12,55107,3.8828828828828827,1.0465418268037812,111,838,4014,4027
171,F,50,17,55441,4.634146341463414,0.5986032120530903,82,176,994,0
183,F,45,1,55407,3.824561403508772,0.8477450555432304,57,1370,3107,457
187,F,45,1,94061,3.7751937984496124,1.0418504196507157,258,33138,3328,3504
441,M,35,1,55127,4.522222222222222,0.7757368605188728,45,8917,87529,7438
71,M,25,14,95008,3.6,1.1167178800079327,35,165,1101,86
410,F,25,1,55417,4.059880239520958,0.8337793097566379,167,3618,2321,1663
98,F,35,7,33547,3.9130434782608696,1.1133769432986689,92,904,38038,1219
188,M,56,16,79930,4.395833333333333,0.7646326703505257,48,913,0,0
276,M,45,16,01982,4.390243902439025,0.7027819284987273,41,466,0,0
298,F,18,4,19010,2.363684771033014,1.0824494702981018,939,1732,2959,858
528,F,18,17,83843,3.4726027397260273,1.2662565425927939,73,5418,1036,3578
47,M,18,4,94305,3.0535714285714284,0.9757793943899049,140,47423,51931,112552
99,F,1,10,19390,3.8679245283018866,1.2095411693482496,53,380,0,0
195,M,25,12,10458,3.5294117647058822,1.0332853838010956,187,4246,4034,3996
223,M,25,17,28262,3.2733333333333334,0.9942175156717308,75,48394,4973,8784
458,M,50,16,55405-2546,4.1525423728813555,0.8869467060542469,59,587,0,27
466,M,25,5,55405,3.9292035398230087,0.6473409092931641,113,64716,47099,5816
568,F,50,17,19716,4.130434782608695,0.8688732424597103,23,593,356,50
594,F,56,13,60076,3.9245689655172415,1.358682129647072,232,8636,5308,6765
107,M,45,18,63129,3.911764705882353,0.7534827041035809,34,110,318,590
110,M,25,2,90803,3.7254901960784315,0.9397538267556886,51,7096,26171,1276
372,F,18,4,72227,3.3559322033898304,1.0316310055219713,236,1270,377,0
554,M,25,12,94086,4.0,1.2702898738620105,89,718,170,1286
565,M,25,16,45242,3.6551724137931036,0.8567322497625797,29,527,0,50
390,M,25,4,55405,3.8395061728395063,1.0149727844067644,81,6377,7361,2291
214,M,18,20,80218,2.8636363636363638,0.4675625290960757,22,1059,1363,1409
527,F,25,2,11201,4.119760479041916,0.9365560803719639,167,1997,0,0
560,M,45,15,81335,3.567685589519651,0.5717678576018698,458,1676,57368,57669
179,M,25,0,02135,3.782608695652174,0.7043888719056044,69,780,0,317
267,M,45,12,55001,4.175438596491228,1.135825801180166,57,4011,1909,0
573,F,35,2,98119,4.212374581939799,0.972377239964726,299,858,111362,109487
609,M,25,7,10012,3.27027027027027,0.4502251688907481,37,1161,1150,731
284,M,25,12,91910,3.715909090909091,0.9090713164032894,88,237,223,500
408,M,25,11,02143,4.092198581560283,0.6984749634520929,141,1272,1291,741
440,M,56,1,32940,3.893939393939394,0.6092717958449425,33,541,3471,1214
520,F,35,20,55104,3.881720430107527,0.8183630644169958,186,7036,73017,81845
96,F,25,16,78028,3.8846153846153846,1.2377269618005546,78,3175,1296,2294
202,M,18,4,53706,3.8188585607940446,0.7360251505442896,403,2761,1147,246
248,M,18,17,72703,3.7450980392156863,0.635393964557485,51,147374,8961,147382
327,M,35,18,55448,4.104166666666667,0.939433585195307,48,104,231,1923
484,F,1,10,55104,3.8145454545454545,0.8371872837715737,275,318,71268,998
221,F,25,0,94063,4.126888217522659,0.7521095480814599,331,9018,3152,1199
320,M,35,6,99516,3.525,0.7859791077978706,20,72998,68358,59315
610,M,25,4,77025,3.6885560675883258,0.8574220363116731,1302,168250,2968,1967
43,M,25,12,60614,4.552631578947368,0.6795639578430087,114,1356,1064,1105
300,M,25,7,78664,4.296875,0.6581912532132674,32,81591,48394,6711
503,M,35,11,73120,3.3421052631578947,1.0897568484766642,95,296,1259,8042
5,M,25,20,55455,3.6363636363636362,0.9904405665441197,44,247,475,0
273,M,18,4,55427,4.0,0.9813067629253164,55,509,471,589
401,M,18,0,55129,3.5277777777777777,0.598642177735587,72,5882,239,122918
421,F,45,3,55125,4.108108108108108,0.936417042175588,37,2324,2313,2966
31,M,56,7,06840,3.92,1.0069148678117767,50,1282,5060,0
163,M,18,4,85013,3.0,0.674199862463242,23,1784,0,0
100,M,35,17,95401,3.945945945945946,0.6754568500222323,148,5620,1958,2423
18,F,18,3,95825,3.7320717131474104,0.6321613993017284,502,1221,923,1201
359,M,25,17,55128,3.418918918918919,0.961687397687028,74,2324,4995,1246
481,M,45,7,55115,2.806451612903226,1.0138821377494092,31,1721,1617,1608
523,M,50,7,55105,4.693333333333333,0.4494240558559165,75,58559,4995,74458
70,M,18,4,53703,4.32258064516129,0.6278820383204783,62,36,3361,1300
476,M,35,0,55127,3.681159420289855,0.7374988259848764,69,589,362,596
174,M,25,16,21203,3.656716417910448,0.9931925689254789,67,520,648,736
206,M,25,17,20194,4.04,0.8406346808612325,25,838,0,661
168,F,50,0,46970,4.462765957446808,0.7304416166866338,94,908,5291,1089
302,M,18,4,04901,4.0,0.9158109397792509,32,1221,0,858
453,M,18,4,55102,3.942122186495177,0.9885770147310518,311,2294,1370,2502
502,M,35,6,55126,3.4285714285714284,1.6853296812356273,35,520,3147,2746
224,F,18,4,14850,4.2592592592592595,1.2466587069107653,54,3948,3496,39
364,F,35,1,46815,4.190476190476191,0.8135752957807666,21,376,858,0
505,M,35,17,37815,4.17741935483871,0.9268979366393241,31,47,4226,2959
27,M,25,11,19130,3.5481481481481483,1.063074382189431,135,2628,1270,2150
61,M,25,17,95122,4.051282051282051,0.7051956782832447,39,318,1304,1201
218,M,35,14,95822,3.3653846153846154,1.0445830968160674,26,750,1673,1252
477,M,35,14,55410,3.736666666666667,0.9280396821481419,600,82242,79702,69757
496,M,18,4,55455,3.413793103448276,1.0094992174096713,29,858,904,58559
75,F,1,10,01748,3.2318840579710146,1.2735421600475523,69,3681,260,2078
274,M,18,4,55455,3.235884101040119,0.7617026505280026,1346,79132,68157,51255
449,M,25,7,85037,3.289473684210526,1.081987528949514,38,318,2502,2959
493,M,50,7,55016,3.6885245901639343,1.0884389985442051,61,4701,4438,1275
166,M,18,4,92802,4.073684210526316,0.6443421691665884,190,8784,8665,588
219,F,25,4,55113,3.165719696969697,1.0918444663680027,528,64575,63082,58559
596,F,25,1,01950,3.495133819951338,0.6878568123117378,411,33649,2288,167746
601,F,18,20,06320,4.425742574257426,0.4548963542053364,101,31658,904,48516
17,M,50,1,95350,4.20952380952381,0.5084901877738361,105,1732,1206,6350
126,M,18,9,98117,3.289473684210526,1.333718531366489,38,367,47,0
131,M,18,4,06520,3.4420289855072466,0.709889344546336,69,1214,1228,1104
140,F,35,1,55107,3.4991776315789473,0.8074504680447067,608,4225,4327,4223
549,M,25,6,53217,3.6666666666666665,1.3994046353122223,21,4226,79132,48516
26,M,25,7,23112,3.238095238095238,0.6248809410409237,21,454,47,593
227,M,35,20,90291,4.202127659574468,0.5201279254150983,94,7147,106782,84152
286,M,25,1,54601,3.7877358490566038,0.9256866517233551,106,7438,4995,2329
120,M,25,11,27106,3.409090909090909,0.9591211706105855,22,858,1210,260
492,M,25,12,55112,3.8677685950413223,0.8159059255446319,121,1499,886,879
326,M,50,11,25302,4.016447368421052,0.8940897979218844,152,8665,133771,139385
548,F,35,16,96860,4.096153846153846,1.0489921903353785,26,49910,1393,733
46,M,18,19,75602,4.0,0.8553989227683017,42,173,454,0
268,F,18,12,29708,3.2713178294573644,1.2732336906506017,129,2511,0,0
130,M,35,17,50021,3.5357142857142856,0.8811668550592596,28,225,0,292
374,F,35,14,55346,3.6363636363636362,0.8950622121597827,33,1350,0,1356
535,M,35,6,95370,2.6666666666666665,1.493279966205689,30,2700,2692,2599
375,M,25,2,55106,3.909090909090909,1.1212057227499654,33,3256,32,318
558,M,35,20,55108,3.9285714285714284,1.0763092299342036,56,3186,4308,2297
147,M,18,4,91360,3.375,1.4407143695878242,20,1376,225,1639
164,F,56,13,94566,4.25,0.8742343589025283,36,1580,780,0
207,M,25,12,94115,2.875,1.4588658175734361,20,2858,2949,2991
381,M,35,17,89015,3.542194092827004,0.8554712833183634,474,1046,72226,72641
455,F,35,2,55113,3.456140350877193,0.7088767633828609,57,587,527,356
78,F,45,1,98029,3.1639344262295084,1.1787044847183208,61,2791,1240,1036
208,M,35,17,55432,3.3076923076923075,0.9703290480751678,26,2028,2571,2058
328,M,35,12,80401,3.2254901960784315,1.2577074408594668,255,1035,8961,1387
486,M,56,0,91367,4.017857142857143,0.9814844310083011,56,293,86,0
501,M,25,2,55372,3.2,0.9676588429625581,45,18,3,780
77,M,18,4,15321,4.0,1.3228756555322954,29,8636,5378,5816
89,F,56,9,85749,3.472972972972973,1.1928393881174988,518,72692,96935,143559
228,M,25,15,55455,3.74,0.694022093788567,25,50,1214,260
525,M,35,6,19027,3.542,0.7295893373689102,500,608,94959,2398
136,M,18,2,21202,3.315315315315315,1.2790762432458964,111,188,491,353
198,M,25,12,55108,3.491304347826087,1.1811522179591198,230,3746,3448,5014
290,F,25,20,94591,4.142322097378277,0.6843902953099069,267,1242,1263,1198
6,F,50,9,55117,3.4936305732484074,0.8506476787198631,314,780,1049,830
118,M,35,17,22315,3.8181818181818183,0.8528028654224418,22,1213,1221,1961
257,M,18,18,55113,3.2,1.005249379900069,20,1288,3996,1380
385,M,25,6,68131,3.4029850746268657,0.8785163884505055,201,750,1272,1288
517,F,25,14,55408,2.38625,1.3475814918560518,400,3061,357,68954
185,M,45,0,14468,3.5319148936170213,0.9290262276867536,47,1658,899,4226
341,F,56,13,92119,3.798076923076923,0.6512402600574988,52,59900,74458,1
230,M,45,1,43210,2.8597122302158273,1.1099496936283055,139,53996,1527,45722
256,M,45,16,55076,3.9454022988505746,0.6998402866479565,174,2011,1270,18
329,M,35,7,02115,2.869565217391304,1.7465380777174588,23,136850,1237,1884
452,M,50,17,55117,4.556930693069307,0.6050997904202924,202,3552,356,0
537,M,45,14,07704,4.0638297872340425,1.168504345383614,47,55946,4954,80906
201,F,35,2,55117,4.1,0.9856772458708395,110,1097,589,0
177,M,50,1,54016,3.375553097345133,0.9591603721731973,904,2125,2085,500
344,M,35,14,75034,3.7681159420289854,1.3077250963165892,69,1265,84152,318
604,M,45,17,32256,3.48,0.7450849046595397,100,610,327,366
60,M,50,1,72118,3.727272727272727,0.7025001733142089,22,58559,527,858
68,M,18,4,53706,3.233730158730159,0.8967403986310138,1260,122882,134130,102445
90,M,56,13,85749,4.074074074074074,0.8207647573223001,54,984,1358,1034
104,M,25,12,00926,3.5073260073260073,0.7693230121379155,273,38038,7034,2671
229,M,18,10,04576,3.7384615384615385,0.6909441700700906,65,1,236,457
244,M,50,7,19072,3.774193548387097,1.216990517076274,93,1785,368,0
246,F,18,4,60625,4.252450980392157,0.7648328788438754,204,5279,85736,260
413,M,25,11,55409,4.410714285714286,1.2652960230610169,56,1792,64957,4890
194,F,1,10,29146,3.475,0.5954874164563804,20,7143,1090,1035
418,F,25,3,54016,3.639784946236559,1.5096889821464547,93,1276,6807,1080
19,M,1,10,48073,2.607396870554765,0.927301584334504,703,904,913,1658
335,M,35,18,55434,3.6785714285714284,1.2781227967601092,28,50,1196,2571
354,M,35,1,55117,3.734513274336283,0.5718228026240179,226,70,2541,45720
404,M,18,4,10128,3.4,0.49403218175557095,60,527,62,509
429,M,18,0,54901,3.9827586206896552,0.8269873312070817,58,380,0,0
578,M,18,17,90064,3.962962962962963,1.1173967507450069,27,8533,73017,81845
347,F,56,1,55305,3.5555555555555554,0.5860327153276883,45,780,0,648
464,F,18,4,55455,3.753623188405797,1.0861543639060223,138,5989,2762,1036
23,M,35,0,90049,3.6487603305785123,0.6145615920420208,121,6440,1222,1258
41,F,18,4,15116,3.2534562211981566,1.1447543563005067,217,6287,6763,2712
128,M,56,6,37922,4.363636363636363,0.6990252954195322,33,1284,945,608
280,M,50,7,19118,3.9005102040816326,0.7452755435359317,196,94959,86882,91500
439,M,35,14,55129,4.119047619047619,0.7567159623128401,21,356,4993,7153
533,M,25,12,27514,4.381578947368421,0.8006265327543256,38,3727,103688,54995
102,M,35,19,20871,3.357142857142857,0.7960943623504901,56,3,223,356
530,M,25,2,10019,3.7777777777777777,0.8006407690254357,27,587,454,356
55,F,35,12,55303,2.84,1.7953644012660313,25,3275,4011,27831
345,M,25,12,94114,3.903225806451613,0.7003436491209821,62,2971,926,1214
474,M,25,17,92126,3.398956356736243,0.83084740222439,2108,4226,1957,1617
238,F,50,7,90291,3.6818181818181817,0.856513410278739,44,2023,3682,4957
319,F,50,6,33436,4.428571428571429,0.5442595772193248,35,112552,79132,588
456,M,35,0,55105,3.813953488372093,0.8523305292657855,43,1407,662,1393
491,M,18,4,56043,4.15625,0.7175520555199829,64,2953,586,64969
111,M,35,15,55416,3.3397832817337463,1.0708741409841747,646,128520,3253,87529
263,F,25,7,22304,3.716666666666667,0.783781981533993,210,2355,1680,1183
349,M,1,10,08035,3.72972972972973,0.8044545649986374,37,597,105,377
403,M,18,4,02138,3.764705882352941,0.7904284810156532,34,296,110,47
197,M,18,14,10023,3.857142857142857,1.0611552290631505,35,1209,1784,1755
220,M,25,12,22903,3.963768115942029,1.0450490323182668,207,55363,68358,2997
436,M,18,4,43023,3.1792452830188678,0.7533691918729172,106,527,720,457
507,F,25,0,55405,3.380952380952381,0.6690433824641325,21,377,34,480
545,M,35,17,01890,3.369565217391304,0.8818548543778183,23,2605,1267,1876
606,F,1,10,49507,3.6573991031390136,0.7241205012691343,1115,4356,63082,44555
167,F,25,11,10022,3.439306358381503,1.1325334759747818,173,745,1148,3052
412,M,35,15,55117,3.892156862745098,1.0800335779992685,102,858,0,17
93,M,25,17,95825,4.288659793814433,0.5943968036063593,97,150,0,2268
95,M,45,0,98201,4.0625,0.7989279868321758,168,1175,3702,7361
38,F,18,4,02215,3.217948717948718,1.052485442999383,78,246,497,223
40,M,45,0,10543,3.766990291262136,1.0403985237110398,103,685,82,514
103,M,45,7,92104,3.907161803713528,0.7884651517717446,377,64614,3160,1206
369,M,35,1,55110,3.391472868217054,0.6845426173447787,129,1884,1732,27904
376,M,35,1,80026,4.06390977443609,0.739608654285931,133,59369,5010,97304
506,M,25,16,55103-1006,3.261904761904762,1.1594684191898987,42,2541,39,61240
582,M,18,4,67042,4.026785714285714,0.6702756750169893,56,79091,92259,81834
585,M,18,1,53703,4.336065573770492,0.5825326276656803,61,1228,1213,296
25,M,18,4,01609,4.8076923076923075,0.376215977250384,26,187593,177593,58559
373,F,25,2,55347,3.19,1.3535960336164632,100,249,305,596
189,M,18,0,60076,4.1,0.34792618696922967,20,58559,68954,54286
270,M,50,14,55414,3.2,1.1810469062961875,40,661,14,1073
271,M,18,4,48202,3.186046511627907,0.7401999071514838,43,5902,3706,55765
233,F,45,20,37919-4204,3.3,0.7530697802725399,150,177593,356,7361
292,M,35,7,19406,3.3015695067264574,0.9200499514349678,446,318,3086,3984
297,M,18,2,97211,2.5972222222222223,1.2854518822075949,72,319,1732,6
44,M,45,17,98052,3.3541666666666665,1.1575760318456607,48,1639,1429,1476
135,M,18,4,20006,3.630824372759857,1.0439529717250753,279,1199,2791,2064
156,F,45,7,14519,3.692211055276382,0.9193495870190144,398,2360,0,6460
190,M,25,17,55125,3.909090909090909,0.7227569594114072,66,81834,69844,88125
288,F,25,12,97119,3.1459715639810426,0.8665841572850375,1055,3198,1193,296
303,M,25,7,20006,3.9056603773584904,1.0380112446292564,53,3702,5378,3033
338,M,35,7,55116,2.9358974358974357,1.4963969321932808,39,177593,1203,174053
144,M,25,17,29401,3.62890625,0.7077915463125395,128,590,8873,6377
176,F,18,3,55016,4.055555555555555,0.8600479868487222,36,47,471,10
531,F,18,14,22206,3.772727272727273,1.109775532079227,22,5349,0,1291
82,M,25,17,48380,3.381057268722467,0.7679663590055158,227,6564,2000,3578
115,M,25,17,28083,3.767857142857143,1.1777375077094372,112,1923,3578,3793
241,M,35,20,55121,3.9802631578947367,0.6188203265013426,76,7371,3910,8638
193,F,45,15,44106,3.8,1.0860072581276252,35,5618,26116,908
283,M,25,0,10003,3.3142857142857145,1.0784364654832632,35,356,1704,0
53,M,25,0,96931,5.0,0.0,20,381,1049,249
245,M,35,16,66046,2.7142857142857144,0.9023778112773575,21,3114,1189,246
285,F,35,0,94109,3.9583333333333335,0.9287087810503352,36,1968,904,1252
92,F,18,4,44243,3.9375,0.6479482668560347,24,2572,837,107
231,M,25,3,55455,3.8541666666666665,0.949589919119171,24,58559,63082,1036
398,M,25,17,55454,4.25,0.9530652303663865,46,910,60069,1207
450,M,45,1,24523,4.0,0.7483314773547883,51,2924,1387,1206
471,M,35,7,08904,3.875,0.7652765174419949,28,1,79702,2324
122,F,18,4,94305,4.546232876712328,0.49264646212813373,292,80463,7387,96728
293,M,56,1,55337-4056,2.619047619047619,0.7400128699009548,21,1673,1682,593
294,F,45,9,43147,2.610983981693364,1.1768673205207953,437,1275,1376,260
380,M,25,2,92024,3.6732348111658455,0.9610095754697883,1218,172875,173145,122912
108,M,25,12,30316,3.986842105263158,1.0892617812400174,76,4372,5380,4246
117,M,25,17,33314,3.3393939393939394,0.6197655900002926,165,491,527,110
247,M,25,17,94404,3.7466666666666666,0.8626217775457544,150,2078,588,54001
414,M,25,0,55317,3.391957005189029,0.933307272335836,2698,3983,3275,3951
482,M,25,14,55305,3.40625,1.1717642664217887,128,8961,2640,316
576,F,45,15,20910,3.1,1.391704747876919,20,2289,1479,2826
86,F,1,10,54467,3.9285714285714284,0.5335532672816418,70,33679,69951,71264
605,F,18,4,44425,3.2104072398190047,0.818718686697297,221,2617,6539,1197
58,M,25,2,30303,3.9017857142857144,1.039402300775375,112,1073,708,0
261,M,25,20,75801,3.858490566037736,1.1066988267719993,53,7361,8914,56367
281,F,35,0,94117,3.2142857142857144,0.9023778112773576,21,51662,46578,2329
461,M,50,7,55075,2.9444444444444446,1.7938641860377051,27,106782,356,99114
394,M,18,0,55013,2.9565217391304346,1.0215078369104982,23,50,110,553
360,M,35,17,28208,3.36,1.5242484486898236,25,1754,0,1711
416,M,45,14,55076,3.0686274509803924,1.4318505782487827,51,2997,5951,26810
437,M,35,17,55030,3.80327868852459,0.9928616647485146,122,296,0,0
511,F,45,4,15232,4.125,0.5847322162373837,52,139385,92259,91529
204,M,25,7,92123,3.9578313253012047,1.0626841856915688,83,91658,2710,3266
363,M,18,10,55419,3.3,1.0136992684699697,30,122918,296,1704
399,F,35,6,55128,3.9444444444444446,1.3135436138160106,36,6333,2194,1196
81,F,25,0,60640,2.769230769230769,1.1766968108291043,26,32,589,329
33,M,45,3,55421,3.7884615384615383,1.0411508234741227,156,919,0,339
114,F,25,2,83712,3.435483870967742,0.8826280406062998,31,141718,52722,8636
242,F,18,4,53706,3.6,0.8471405189362209,35,32,47,593
350,M,45,20,08035,3.25,0.5883484054145521,40,1356,748,0
366,M,50,15,55126,3.9516129032258065,0.6874450124637534,31,1089,109487,68157
430,F,18,10,55306,3.7413793103448274,1.0439524225830694,58,2076,4034,4027
540,M,18,1,15213,4.0,0.8263938705413375,42,48516,2329,1196
213,F,18,4,01609,3.8273809523809526,0.5676735848266373,84,7147,8360,589
291,M,35,12,55110,4.258064516129032,0.8932241949060667,31,122904,58559,60069
536,M,25,20,01267,3.4,1.3549529275577936,40,516,527,356
555,M,18,4,53213,3.4550173010380623,1.0866532738896508,578,2628,0,3638
592,M,18,0,92103,3.5851063829787235,0.9990272092916467,94,780,733,198
150,M,35,7,98144,3.576923076923077,0.7027418828034613,26,1356,141,32
269,M,25,2,55408,3.6206896551724137,0.8624629641509368,29,74,0,6
277,F,35,1,98126,3.5714285714285716,0.7417981870189158,28,1391,1356,32
526,M,45,17,94806,4.189655172413793,0.6057298497991402,58,128620,112290,3448
170,M,25,11,07002,3.34,0.7174216873994125,50,34,318,48
382,F,35,20,66205,3.508591065292096,1.1253022924695106,291,55247,3703,122882
393,M,35,17,55402,3.841463414634146,1.6224817475680653,123,31696,54259,7373
566,M,25,17,92122,3.5405405405405403,1.0228778792545066,74,265,261,17
593,F,50,1,91711,3.266990291262136,1.0909959786337495,103,912,858,2396
178,M,56,17,53705,4.090909090909091,0.8100002953511185,77,4973,1193,357
519,F,35,14,55038,4.326923076923077,0.6919871052600284,26,7445,104211,59369
48,M,25,4,92107,4.03030303030303,0.6607215981811329,33,1580,2571,4886
153,M,1,10,51537,2.217877094972067,1.431983760532035,179,89904,4973,94959
259,M,25,1,60615,3.1206896551724137,1.7456843337509356,29,3910,32,7155
217,M,18,4,22903,2.761827079934747,0.8737519144232474,613,3200,1641,1396
500,F,18,2,55105,3.244186046511628,1.3366863903533808,86,4306,2355,2700
141,M,35,13,62035,3.5386904761904763,0.7502435209630783,168,3361,46976,3552
148,M,50,17,57747,3.7395833333333335,0.6840864644035445,48,98491,40629,30816
173,M,25,0,45237,3.48,0.9183318209303941,25,171,527,0
180,M,45,12,01603,3.5625,0.7845311532595647,24,4993,1213,2959
240,M,50,17,55113,3.9140625,0.9138250814721379,128,1359,673,0
243,M,25,16,11576,4.138888888888889,0.8333333333333333,36,112,520,466
515,M,25,1,55406,4.846153846153846,0.3396831102433789,26,122918,122916,168252
97,F,35,3,66210,4.194444444444445,0.821825301020129,36,2571,4963,0
159,F,45,0,37922,3.2731958762886597,1.1814993532158553,97,69757,65230,4246
209,M,35,1,90048,4.242857142857143,0.9023778112773577,35,1291,4011,1198
239,M,18,19,94618,4.026881720430108,0.7516131024295625,279,4223,8132,475
377,M,25,17,55418,3.9122137404580153,0.9250382861734271,131,89745,5288,1215
304,M,25,0,55414,3.8703703703703702,0.9653782735409879,216,3175,3114,3155
316,M,56,13,90740,3.0,0.7721099961494127,53,344,2571,45
427,M,35,12,55104,3.1011904761904763,1.0377796093094942,84,4226,1394,1208
589,M,18,2,90210,4.025,0.973692417078886,40,296,593,356
67,F,50,5,60181,3.9722222222222223,0.7923242882669809,36,293,27193,8604
106,F,35,11,79101,4.4393939393939394,0.7881701093115122,33,318,47099,99636
158,M,56,7,28754,3.423076923076923,0.7306477631842541,26,2490,2826,55391
402,M,25,11,55427,3.8541666666666665,0.850271129056962,48,780,500,377
457,M,18,4,54703,3.46,1.1816626128520125,50,2762,3717,0
84,M,18,4,53140,3.689419795221843,0.7601757217663369,293,1272,898,1267
236,M,25,5,55126,3.966666666666667,1.3514572807192966,30,2580,0,2806
407,M,18,17,89503,4.113636363636363,0.8581793876992511,22,59315,2959,112556
547,M,35,12,76109,4.142857142857143,0.9636241116594314,21,541,0,1300
266,M,35,11,75229,3.5,1.4279727396737645,180,3265,2716,2702
497,F,25,17,55412,3.5686274509803924,1.0955346085046207,51,111,1247,112183
143,M,18,3,64043,3.323943661971831,1.328529239285996,71,69069,4447,6619
322,M,56,17,55117,3.411214953271028,0.9610653584280919,107,56367,1625,2268
564,M,45,1,49419,3.5796178343949046,0.8076349497066032,157,128520,58655,67734
567,M,35,20,52570-9634,2.2454545454545456,1.2210763539276364,385,6818,3676,71899
79,F,45,0,98103,4.203125,0.8578246296522939,64,1127,480,0
490,M,1,10,55345,3.15929203539823,0.8870735563136798,113,6669,1251,4144
494,F,35,0,17870,4.2272727272727275,1.1925090867905042,22,589,0,0
9,M,25,17,61614,3.260869565217391,1.2725264914718217,46,1270,2300,4993
24,F,25,7,10023,3.65,0.539920143602635,110,318,3147,593
313,F,18,4,02138,3.4323529411764704,1.2520709895891189,340,5010,1885,223
336,M,18,0,98765,4.321428571428571,0.6496752435470524,56,3174,509,2858
444,M,56,0,55108,3.8095238095238093,0.9169965619026228,42,527,356,97
465,M,18,19,94523,4.156521739130435,0.7325909840844759,115,3448,356,0
562,M,35,20,48083,4.093073593073593,0.6764643303328612,231,1275,2485,4823
212,M,25,16,53714,3.590725806451613,0.6076725004748486,248,183897,177593,188751
346,F,25,0,55110,3.682926829268293,0.6761139189685519,164,1219,7008,1237
480,F,18,4,55422,3.27511961722488,1.049791817421951,836,1266,2395,1258
32,F,25,0,19355,3.7549019607843137,0.8376803722988447,102,1036,194,0
116,M,25,17,55744,3.4367816091954024,1.075100313602879,87,1035,2006,1101
405,M,56,1,13077,4.008333333333334,0.4582728506056635,120,59814,288,32587
509,M,25,2,55125,3.21627408993576,0.6779106960639856,467,133419,5952,4993
152,M,18,4,48104,4.023809523809524,0.6564111333888739,63,69481,47,7361
186,M,18,5,91767,4.079646017699115,0.5756788135426284,226,2617,4321,4232
299,M,25,12,97370,3.652173913043478,0.7751067757631794,23,3499,3578,2716
314,F,56,9,46911,3.046875,0.9037051902396827,128,260,924,647
513,M,25,0,55119,3.890625,0.8398768630944006,32,260,318,920
88,F,45,1,02476,4.035714285714286,1.1396057645963793,56,1884,8950,7153
134,M,25,0,66212,3.5714285714285716,0.739065956051933,35,593,110,595
358,F,56,1,20815,3.2560975609756095,1.441015055522982,41,5066,1721,42728
538,M,56,16,95407,4.472972972972973,0.5886182731375841,37,68954,7888,1035
1,F,1,10,48067,4.366379310344827,0.8000480467733437,232,553,157,3053
149,M,25,1,29205,2.7241379310344827,1.2813521291537595,58,610,1676,1253
318,F,56,13,55104,3.755972696245734,0.5446009001862964,879,179135,184245,171495
391,M,45,11,22122,3.715025906735751,1.187218565136605,386,3683,904,1028
105,M,45,12,90277,4.116343490304709,0.6127710946547569,722,136447,120478,172637
237,M,25,6,46835,3.36,0.7073953373222829,50,32,1580,1625
289,F,25,0,11801,3.625,0.726067430094119,24,7025,4322,16
550,M,45,8,21559,4.107142857142857,0.8537189109045078,28,122904,89745,59315
20,M,25,14,55113,3.590909090909091,1.1648375307436851,242,2135,2657,4039
561,F,18,14,64060,3.372277227722772,0.8486823133682264,505,1250,4979,4878
600,M,35,17,66209,2.991480996068152,1.0723160516067036,763,25947,2936,4642
305,F,18,0,55414,3.9246676514032495,0.9179811672385672,677,148671,187593,1232
325,F,50,3,55112,3.5444444444444443,0.9225926509052288,270,1248,4956,2239
551,M,35,20,55116,3.7154471544715446,0.9256838429520591,123,111659,166568,90439
342,M,18,12,55076,2.9393939393939394,0.857165056877574,66,223,5014,3219
454,M,25,20,55092,3.7666666666666666,0.7119116390523348,45,904,2858,7116
472,M,35,0,55418,4.120689655172414,0.8520476639689103,29,95510,91529,1221
142,M,25,7,10011,3.8157894736842106,0.7660097789896835,38,50,161,593
516,F,56,14,55033,3.6923076923076925,0.8375789285425354,26,4429,3471,0
571,M,50,5,95401,2.5714285714285716,1.1984546033510972,112,1924,2513,1327
588,F,25,11,23220,3.25,1.066003581778052,56,223,50,778
357,M,18,0,98103,3.9569190600522193,0.7136279342277102,383,7078,26528,1285
463,M,25,7,55105,3.787878787878788,0.6498834394323991,33,5952,7153,1221
56,M,35,20,60440,3.8043478260869565,0.718627247446788,46,480,356,364
599,M,50,6,53711,2.6420500403551253,0.8153003923907163,2478,2571,1967,1214
127,F,45,3,01770,3.1136363636363638,1.3621745411361499,22,55276,913,5060
485,M,56,7,55042,3.869565217391304,1.3586205512841112,23,356,185,593
36,M,25,3,94123,2.6333333333333333,0.9909192217102272,60,3347,2359,3363
211,M,45,17,90620,3.904494382022472,0.7829010898225601,89,2959,3578,2571
295,M,18,0,80203,3.7439024390243905,1.4879598080068903,41,2329,50,70
397,M,35,17,22124,3.9565217391304346,0.824525255667285,23,1230,123,492
409,M,18,12,55122,3.8412698412698414,1.0984549033088133,126,1213,1952,919
514,M,25,2,55113,3.3110831234256928,0.9499218923990046,397,26133,52435,2398
10,F,35,1,95370,3.2785714285714285,1.1757003554462786,140,49286,140110,7458
384,M,25,11,55075,3.085714285714286,1.200758904264204,70,3471,296,4011
420,M,35,1,55406,3.8226950354609928,0.5481617063716876,141,1136,2657,910
37,F,25,9,66212,4.142857142857143,0.9102589898327995,21,1061,671,316
546,F,25,0,37211,3.4375,1.206792942616589,64,3940,3942,0
563,M,25,4,53703,3.300469483568075,0.709670243153244,213,6732,1968,1035
603,F,25,6,32256,3.5079533404029695,1.1536383642752084,943,4021,3996,175
165,M,18,16,98502,3.5384615384615383,0.7305161505085606,65,4963,1291,1197
371,M,18,4,02141,4.548780487804878,0.5339110184382375,41,741,2810,1258
386,M,25,0,55408,2.75,0.8703233230054013,68,296,303,0
552,M,50,18,23456,3.11968085106383,1.1103720551273921,188,5747,1136,2502
49,M,18,12,77084,4.261904761904762,0.2558831578595795,21,109487,79132,139385
431,M,18,10,55303,2.725,1.20825014837683,20,555,1233,1234
255,M,35,0,85310,2.5681818181818183,1.5003523194411472,44,3552,2716,0
275,M,25,0,48162,4.086848635235732,1.0719864596015323,403,954,3038,17
395,M,18,5,55104,3.0491803278688523,0.8251510873409128,61,648,208,519
222,M,25,1,55116,3.166,0.825937461774832,250,1220,106782,5989
253,F,25,11,97370,4.351063829787234,0.6586786312880119,47,5991,2324,7099
362,M,35,20,55407,4.243119266055046,0.5594916628771921,109,1209,1732,924
172,M,25,3,07661,3.826923076923077,0.546668230141604,26,3087,2762,527
575,M,25,12,92130,3.1666666666666665,1.2071217242444348,36,296,1259,430
63,M,18,4,54902,3.6309963099630997,1.0392298269967366,271,89904,106696,92494
181,M,18,17,33186,2.940677966101695,0.9271993753948391,118,11,587,34
306,M,18,0,53051,3.3169642857142856,0.7290482989051015,112,134368,45668,69406
607,M,25,0,43614,3.786096256684492,0.965657195200153,187,2398,1097,1023
65,M,35,12,55803,4.029411764705882,0.5357121636491371,34,55247,58559,79132
225,M,25,7,11215,3.6533333333333333,0.9794280368047872,75,2327,1974,1387
235,M,25,0,98153,3.646153846153846,0.9088242615938125,65,780,25,62
312,F,50,2,22207,3.708520179372197,0.8648642336280172,223,5956,5952,111
265,F,35,7,55116,3.3496932515337425,0.9265210539157969,163,593,953,1954
331,M,25,7,55902,3.6279761904761907,1.0439403472093167,168,57669,55820,608
498,M,35,17,55113,4.057142857142857,1.027356892649263,35,62,104,648
580,M,1,10,08534,3.529816513761468,1.0439892381982658,436,8371,48774,54286
4,M,45,7,02460,3.5555555555555554,1.3142038589753633,216,2926,2150,1080
121,M,35,7,75229,3.293103448275862,0.8378883376105017,58,16,6,62
39,M,18,4,61820,4.0,1.0540925533894598,100,2391,0,2580
252,M,25,12,94112,4.197368421052632,0.6210221922766869,38,364,2321,162578
426,M,18,4,55455,3.6818181818181817,1.213387530797769,88,1035,34405,3408
210,F,1,10,25801,4.079710144927536,0.8612636633763979,138,177765,116797,1527
315,F,56,1,55105,3.3636363636363638,0.8222751143238884,33,1247,909,0
411,F,45,1,43214,3.2598425196850394,0.9361572790902183,127,648,508,246
510,M,18,12,55109,2.9027777777777777,1.1670282038838806,108,858,6787,35836
62,F,35,3,98105,4.081967213114754,0.7139336978665961,366,185135,176601,172591
400,F,18,3,55422,4.511627906976744,0.5924964546108837,43,6,3949,778
12,M,25,12,32793,4.390625,0.726618049818872,32,1721,63992,168
339,M,50,7,80207,4.070080862533692,0.7626020491288168,371,174055,176751,41285
473,F,18,4,55112,3.418918918918919,1.0961644842707576,37,3897,7361,318
83,F,25,2,94609,3.309322033898305,1.2792216709554223,118,7323,1246,1222
417,F,25,0,50613,4.462686567164179,0.7246390576747392,67,47,6874,778
557,M,56,1,30030,3.8518518518518516,1.0173004889904875,27,5618,165,648
333,M,35,2,55410,2.64,1.2543258481484523,25,3567,1193,3719
518,F,35,12,75240,3.5416666666666665,1.187952812218554,24,6377,2289,6323
109,M,45,15,92028,3.220472440944882,0.6890686816595241,127,36,175,25
123,M,35,9,67208,4.035714285714286,0.36751181622491413,56,115569,68554,58803
215,M,35,14,92075,3.9081632653061225,0.8625870306472121,98,6155,1268,60766
396,M,25,1,56187,3.142857142857143,1.4584183648679576,28,1,293,1276
587,M,25,20,92649,3.9757575757575756,0.9169908047489284,165,3082,1544,2336
13,M,45,1,93304,3.6451612903225805,0.9848311901632073,31,3996,0,47
249,F,18,14,48126,3.6964627151051626,0.6726914533658599,1046,187593,139385,164179
445,M,45,12,55117,3.857142857142857,0.9135570404552819,77,1080,1230,1197
602,F,56,6,14612,3.3925925925925924,0.9780905575409111,135,475,608,373
157,M,35,16,12866,3.4761904761904763,1.0304876330673562,21,785,0,2959
191,M,18,4,04915,3.7411764705882353,1.4322222258440487,85,673,0,0
260,M,18,19,98126,3.7598684210526314,0.8876831864612326,152,2395,2908,6773
14,M,35,0,60126,3.3958333333333335,1.0260351977151438,48,509,95,337
21,M,18,16,99353,3.260722347629797,1.0035418823410291,443,47997,2012,2011
182,M,18,4,03052,3.5112589559877176,1.0012165507215025,977,1968,1295,1227
66,M,25,18,57706,4.0202898550724635,0.736028727586653,345,3074,3201,5673
264,M,35,0,20755,3.5625,1.0048179391855476,56,1035,41566,1028
508,M,25,12,55418,2.1458333333333335,1.0578810513666363,24,1222,1270,2012
91,M,35,7,07650,3.3956521739130436,0.9714918396392644,575,3070,3837,1129
94,M,25,17,28601,3.0357142857142856,1.008406226122745,56,32,110,318
175,F,25,2,95123,3.5416666666666665,1.6934443076725039,24,7169,8911,47382
72,F,45,0,55122,4.155555555555556,0.5416958034121583,45,2571,260,318
74,M,35,14,94530,4.271186440677966,0.6439537446662188,177,8804,2160,58
137,F,45,6,78758,3.978723404255319,0.7143237071962638,141,246,1272,1230
469,M,35,6,55122,3.6731182795698927,1.015307387732031,465,1333,3201,0
583,F,25,0,48067,3.294642857142857,0.8077847694567123,56,2572,39,239
161,M,45,16,98107-2117,3.8333333333333335,1.1316809419557992,39,3751,38038,3429
392,M,18,7,20037,3.2,1.2583057392117916,25,2997,2706,0
151,F,25,20,85013,3.542372881355932,0.8773399038218347,59,1265,1405,802
355,M,18,3,55107,3.8846153846153846,0.7656068482934608,26,933,0,2628
489,M,18,4,55455,3.017746913580247,1.1986248628383533,648,27803,8533,918
321,M,18,4,55128,3.5714285714285716,0.6837634587578276,56,802,2,317
367,M,50,12,55421,3.8594594594594596,1.0943181963778263,185,3484,3784,3798
487,F,35,17,55082,3.142857142857143,0.9663158043653398,56,27611,116797,56367
353,F,35,7,92625,3.488888888888889,1.0835277843349094,90,593,457,319
598,M,35,7,95476,3.8095238095238093,1.6843113613298348,21,54001,46578,56367
262,F,25,1,68503,3.1052631578947367,0.9577542654996147,57,28,213,608
499,F,25,1,55108,3.8333333333333335,1.1351041971825928,27,3727,1220,3681
129,M,25,11,20164,3.9214285714285713,0.6065334587538205,140,33679,7143,33166
368,M,25,0,90293,2.8422174840085286,0.8221351369263269,469,858,296,1610
579,M,25,5,32839,3.9726027397260273,0.9570295876612467,73,892,17,207
76,M,35,7,55413,3.0840336134453783,1.292611546068676,119,1136,8957,34405
378,F,18,0,55105,4.0,0.6101970382851057,48,48780,79132,364
529,M,35,12,92009,3.2,1.1902380714238083,25,260,786,733
608,M,18,4,18011,3.1341756919374246,1.0792620249470206,831,51662,53996,7439
2,M,56,16,70072,3.9482758620689653,0.8056145345791146,29,122882,89774,80906
196,F,35,9,94587,3.9375,0.8775883376176898,32,364,733,150
278,M,45,18,60482,3.875,0.9850861570655153,20,54272,527,50
337,M,18,19,80205,4.207792207792208,0.8002904462503195,77,454,0,0
460,M,45,18,55313,4.201219512195122,0.6519664276820168,82,1584,7143,8132
254,M,35,17,49015,3.9803149606299213,0.8052446507935002,127,1258,3949,48516
370,M,18,17,22304,3.5483870967741935,0.8144900916505459,93,296,7090,5952
192,M,18,1,10977,4.045454545454546,0.7854190708679775,22,480,356,185
311,M,18,4,31201,2.3392857142857144,1.2623726296480988,28,5992,6461,2291
435,M,25,7,55125,4.321428571428571,0.5501821047908192,42,4011,7438,48516
590,F,35,6,98032,3.355769230769231,0.8341538301907906,728,1250,953,1219
80,M,56,1,49327,4.2604790419161676,0.4586462641758352,167,593,6754,3535
226,M,35,1,94518,3.4763313609467454,0.9118412683568226,507,55820,55765,47
324,M,35,17,55106,3.142857142857143,1.2363540870525032,21,3972,608,3864
340,F,25,3,28001,4.214285714285714,0.6862211530545171,28,110,480,0
504,M,25,2,17003,3.82183908045977,0.595413729004897,87,6870,7139,5812
569,F,18,4,97339,4.0,0.7254762501100116,20,377,329,165
301,M,18,4,61820,3.3201754385964914,1.2177289048729525,114,48780,55820,56782
532,M,25,7,94301,4.28,0.7835033829029766,50,3147,2959,0
50,F,25,2,98133,2.7806451612903227,0.8468175163779227,310,1251,1208,1204
145,M,18,4,19081,3.347826086956522,0.7751067757631797,23,50,1,111
330,M,56,7,92065,3.6902834008097165,1.050661193605121,247,7387,71535,8874
45,F,45,16,94110,3.8759398496240602,0.9766225033045172,399,2858,0,1704
57,M,18,19,30350,3.392857142857143,1.0736418243144659,476,2019,1234,3066
332,M,50,1,55109,3.599250936329588,0.712719693572629,267,5291,4308,541
542,M,18,4,78705,3.5088495575221237,1.3412785426415705,113,8958,1645,7254
553,M,25,2,94131,4.337349397590361,0.6444341142832769,83,3949,6016,5989
216,M,45,13,52761,3.6646341463414633,1.0108457190807751,164,4034,3994,3507
522,M,25,12,55124,3.83,1.0626599790882214,200,1214,112852,127098
572,M,18,4,61801,4.122580645161291,1.0403263965272007,155,3074,1610,2819
119,F,1,10,77515,4.176744186046512,0.5648741524314939,215,67255,138210,148626
438,M,18,11,53705,3.3551181102362206,0.8666361107688377,635,51662,46965,37830
